회차,당첨번호1,당첨번호2,당첨번호3,당첨번호4,당첨번호5,당첨번호6,보너스번호,1등당첨수,일등 당첨금액,로또 총 구매금액,발표일
1,10,23,29,33,37,40,16,0,0 ,3681782000 ,2002-12-07
2,9,13,21,25,32,42,2,1,2002006800 ,4904274000 ,2002-12-14
3,11,16,19,21,27,31,30,1,2000000000 ,4729342000 ,2002-12-21
4,14,27,30,31,40,42,2,0,0 ,5271464000 ,2002-12-28
5,16,24,29,40,41,42,3,0,0 ,6277102000 ,2003-01-04
6,14,15,26,27,40,42,34,1,6574451700 ,15305356000 ,2003-01-11
7,2,9,16,25,26,40,42,0,0 ,12794890000 ,2003-01-18
8,8,19,25,34,37,39,9,0,0 ,20751450000 ,2003-01-25
9,2,4,16,17,36,39,14,0,0 ,73624020000 ,2003-02-01
10,9,25,30,33,41,44,6,13,6430437900 ,260856392000 ,2003-02-08
11,1,7,36,37,41,42,14,5,4780152300 ,91925306000 ,2003-02-15
12,2,11,21,25,39,45,44,12,1348845700 ,76255508000 ,2003-02-22
13,22,23,25,37,38,42,26,0,0 ,66532136000 ,2003-03-01
14,2,6,12,31,33,40,15,4,9375048300 ,99838648000 ,2003-03-08
15,3,4,16,30,31,37,13,1,17014245000 ,73264910000 ,2003-03-15
16,6,7,24,37,38,40,33,4,4377146100 ,75777348000 ,2003-03-22
17,3,4,9,17,32,37,1,3,5349491200 ,72718152000 ,2003-03-29
18,3,12,13,19,32,35,29,0,0 ,66371660000 ,2003-04-05
19,6,30,38,39,40,43,26,1,40722959400 ,105957818000 ,2003-04-12
20,10,14,18,20,23,30,41,1,19352212800 ,81056776000 ,2003-04-19
21,6,12,17,18,31,32,21,23,797475400 ,84247142000 ,2003-04-26
22,4,5,6,8,17,39,25,4,4552194900 ,79455152000 ,2003-05-03
23,5,13,17,18,33,42,44,4,4317947700 ,77374256000 ,2003-05-10
24,7,8,27,29,36,43,6,0,0 ,78486634000 ,2003-05-17
25,2,4,21,26,43,44,16,2,24227745300 ,120073768000 ,2003-05-24
26,4,5,7,18,20,25,31,5,3495069900 ,80193026000 ,2003-05-31
27,1,20,26,28,37,43,27,2,9543982500 ,76145050000 ,2003-06-07
28,9,18,23,25,35,37,1,10,1700361100 ,75448366000 ,2003-06-14
29,1,5,13,34,39,40,11,5,3552594000 ,74523120000 ,2003-06-21
30,8,17,20,35,36,44,4,2,8728555500 ,72399690000 ,2003-06-28
31,7,9,18,23,28,35,32,2,8106672900 ,71317306000 ,2003-07-05
32,6,14,19,25,34,44,11,10,1634528300 ,71179198000 ,2003-07-12
33,4,7,32,33,40,41,9,1,14903517600 ,67457252000 ,2003-07-19
34,9,26,35,37,40,42,2,5,3056918000 ,69389894000 ,2003-07-26
35,2,3,11,26,37,43,39,3,5054598200 ,66143062000 ,2003-08-02
36,1,10,23,26,28,40,31,1,16014475800 ,66856686000 ,2003-08-09
37,7,27,30,33,35,37,42,3,4985999400 ,65509794000 ,2003-08-16
38,16,17,22,30,37,43,36,3,5374866400 ,67369284000 ,2003-08-23
39,6,7,13,15,21,43,8,6,2623748800 ,66094476000 ,2003-08-30
40,7,13,18,19,25,26,6,13,1147652400 ,65699086000 ,2003-09-06
41,13,20,23,35,38,43,34,0,0 ,57624562000 ,2003-09-13
42,17,18,19,21,23,32,1,6,6899280100 ,119909740000 ,2003-09-20
43,6,31,35,38,39,44,1,1,17749630800 ,74686296000 ,2003-09-27
44,3,11,21,30,38,45,39,5,3362155800 ,69956950000 ,2003-10-04
45,1,10,20,27,33,35,17,2,8356417800 ,71216232000 ,2003-10-11
46,8,13,15,23,31,38,39,3,5327758800 ,68181568000 ,2003-10-18
47,14,17,26,31,36,45,27,5,3250042400 ,67756694000 ,2003-10-25
48,6,10,18,26,37,38,3,6,2415673600 ,65806832000 ,2003-11-01
49,4,7,16,19,33,40,30,7,1967504600 ,64501142000 ,2003-11-08
50,2,10,12,15,22,44,1,3,5227061400 ,65563234000 ,2003-11-15
51,2,3,11,16,26,44,35,6,2421117000 ,62553680000 ,2003-11-22
52,2,4,15,16,20,29,1,4,3900844900 ,64393446000 ,2003-11-29
53,7,8,14,32,33,39,42,3,5014371000 ,64996010000 ,2003-12-06
54,1,8,21,27,36,39,37,3,5148626600 ,63833006000 ,2003-12-13
55,17,21,31,37,40,44,7,2,7088799600 ,62195764000 ,2003-12-20
56,10,14,30,31,33,37,19,4,3777570900 ,65258932000 ,2003-12-27
57,7,10,16,25,29,44,6,4,4114411900 ,70132666000 ,2004-01-03
58,10,24,25,33,40,44,1,4,3676429200 ,66638136000 ,2004-01-10
59,6,29,36,39,41,45,13,4,4127587300 ,67563698000 ,2004-01-17
60,2,8,25,36,39,42,11,7,2172504600 ,65405936000 ,2004-01-24
61,14,15,19,30,38,43,8,5,3541038800 ,73312994000 ,2004-01-31
62,3,8,15,27,29,35,21,1,15817286400 ,66740368000 ,2004-02-07
63,3,20,23,36,38,40,5,2,7922245500 ,67074050000 ,2004-02-14
64,14,15,18,21,26,36,39,4,3899818000 ,65085154000 ,2004-02-21
65,4,25,33,36,40,43,39,4,3727945800 ,66685144000 ,2004-02-28
66,2,3,7,17,22,24,45,4,3685138200 ,63378796000 ,2004-03-06
67,3,7,10,15,36,38,33,7,2114436500 ,64314872000 ,2004-03-13
68,10,12,15,16,26,39,38,5,2945882100 ,63813236000 ,2004-03-20
69,5,8,14,15,19,39,35,3,4962712200 ,63711302000 ,2004-03-27
70,5,19,22,25,28,43,26,3,5031277800 ,63232578000 ,2004-04-03
71,5,9,12,16,29,41,21,0,0 ,62889986000 ,2004-04-10
72,2,4,11,17,26,27,1,13,3260524600 ,125651214000 ,2004-04-17
73,3,12,18,32,40,43,38,6,2766662100 ,72635862000 ,2004-04-24
74,6,15,17,18,35,40,23,3,5284949800 ,68902158000 ,2004-05-01
75,2,5,24,32,34,44,28,4,3914616900 ,66138372000 ,2004-05-08
76,1,3,15,22,25,37,43,2,7451022600 ,65083924000 ,2004-05-15
77,2,18,29,32,43,44,37,3,5155758600 ,64420666000 ,2004-05-22
78,10,13,25,29,33,35,38,4,3519850000 ,61257794000 ,2004-05-29
79,3,12,24,27,30,32,14,4,3416443800 ,60390004000 ,2004-06-05
80,17,18,24,25,26,30,1,1,13809540000 ,60160440000 ,2004-06-12
81,5,7,11,13,20,33,6,5,2714288880 ,60983308000 ,2004-06-19
82,1,2,3,14,27,42,39,1,14562494400 ,61302808000 ,2004-06-26
83,6,10,15,17,19,34,14,2,7086948300 ,62512062000 ,2004-07-03
84,16,23,27,34,42,45,11,2,7669779000 ,62780760000 ,2004-07-10
85,6,8,13,23,31,36,21,4,3462109800 ,59451304000 ,2004-07-17
86,2,12,37,39,41,45,33,1,14252186400 ,59835968000 ,2004-07-24
87,4,12,16,23,34,43,26,11,1799358055 ,83793642000 ,2004-07-31
88,1,17,20,24,30,41,27,4,3069709650 ,51910612000 ,2004-08-07
89,4,26,28,29,33,40,37,3,4248321900 ,55102179000 ,2004-08-14
90,17,20,29,35,38,44,10,4,3291435300 ,55493544000 ,2004-08-21
91,1,21,24,26,29,42,27,4,3582902400 ,59061052000 ,2004-08-28
92,3,14,24,33,35,36,17,11,1233270846 ,58296001000 ,2004-09-04
93,6,22,24,36,38,44,19,6,2269178150 ,57236313000 ,2004-09-11
94,5,32,34,40,41,45,6,6,2245339950 ,57144729000 ,2004-09-18
95,8,17,27,31,34,43,14,8,1747741238 ,60077493000 ,2004-09-25
96,1,3,8,21,22,31,20,7,1847133515 ,54217572000 ,2004-10-02
97,6,7,14,15,20,36,3,9,1496214000 ,57713200000 ,2004-10-09
98,6,9,16,23,24,32,43,4,3177972300 ,56231084000 ,2004-10-16
99,1,3,10,27,29,37,11,6,2169219050 ,56207491000 ,2004-10-23
100,1,7,11,23,37,42,6,4,3315315525 ,56561977000 ,2004-10-30
101,1,3,17,32,35,45,8,5,2707297500 ,57585065000 ,2004-11-06
102,17,22,24,26,35,40,42,9,1457153067 ,56937962000 ,2004-11-13
103,5,14,15,27,30,45,10,8,1691589563 ,57420615000 ,2004-11-20
104,17,32,33,34,42,44,35,2,6610743750 ,56533705000 ,2004-11-27
105,8,10,20,34,41,45,28,4,3416781450 ,57479716000 ,2004-12-04
106,4,10,12,22,24,33,29,16,810461157 ,57384485000 ,2004-12-11
107,1,4,5,6,9,31,17,2,6679927800 ,57545202000 ,2004-12-18
108,7,18,22,23,29,44,12,7,1998900772 ,58875228000 ,2004-12-25
109,1,5,34,36,42,44,33,12,1246838200 ,62584098000 ,2005-01-01
110,7,20,22,23,29,43,1,3,4566262000 ,57625490000 ,2005-01-08
111,7,18,31,33,36,40,27,6,2199047450 ,57876999000 ,2005-01-15
112,26,29,30,33,41,42,43,9,1567271167 ,59292005000 ,2005-01-22
113,4,9,28,33,36,45,26,9,1561528934 ,59258248000 ,2005-01-29
114,11,14,19,26,28,41,2,6,2362345050 ,60079401000 ,2005-02-05
115,1,2,6,9,25,28,31,9,1488589567 ,59130557000 ,2005-02-12
116,2,4,25,31,34,37,17,7,1997747315 ,61606084000 ,2005-02-19
117,5,10,22,34,36,44,35,9,1558378334 ,59429610000 ,2005-02-26
118,3,4,10,17,19,22,38,10,1297989720 ,57171934000 ,2005-03-05
119,3,11,13,14,17,21,38,9,1474899400 ,57800632000 ,2005-03-12
120,4,6,10,11,32,37,30,3,4364530300 ,57418983000 ,2005-03-19
121,12,28,30,34,38,43,9,2,6839648100 ,57134544000 ,2005-03-26
122,1,11,16,17,36,40,8,9,1450073800 ,56171704000 ,2005-04-02
123,7,17,18,28,30,45,27,5,2532982680 ,54097448000 ,2005-04-09
124,4,16,23,25,29,42,1,9,1395936267 ,54180838000 ,2005-04-16
125,2,8,32,33,35,36,18,7,1754870786 ,53149705000 ,2005-04-23
126,7,20,22,27,40,43,1,9,1369301500 ,52748965000 ,2005-04-30
127,3,5,10,29,32,43,35,6,1965939150 ,50752603000 ,2005-05-07
128,12,30,34,36,37,45,39,6,2064043100 ,52310392000 ,2005-05-14
129,19,23,25,28,38,42,17,11,1093629655 ,51555754000 ,2005-05-21
130,7,19,24,27,42,45,31,4,3036496650 ,51359012000 ,2005-05-28
131,8,10,11,14,15,21,37,8,1451214488 ,50231773000 ,2005-06-04
132,3,17,23,34,41,45,43,4,2920473525 ,49921897000 ,2005-06-11
133,4,7,15,18,23,26,13,8,1450242600 ,50889926000 ,2005-06-18
134,3,12,20,23,31,35,43,5,2349155100 ,50445575000 ,2005-06-25
135,6,14,22,28,35,39,16,7,1717293515 ,51062672000 ,2005-07-02
136,2,16,30,36,41,42,11,6,1997694150 ,51144633000 ,2005-07-09
137,7,9,20,25,36,39,15,9,1270403467 ,49978654000 ,2005-07-16
138,10,11,27,28,37,39,19,5,2227152000 ,47688450000 ,2005-07-23
139,9,11,15,20,28,43,13,7,1650210215 ,48371085000 ,2005-07-30
140,3,13,17,18,19,28,8,5,2109462840 ,45983464000 ,2005-08-06
141,8,12,29,31,42,43,2,6,1900552400 ,48016958000 ,2005-08-13
142,12,16,30,34,40,44,19,11,1018265564 ,48012844000 ,2005-08-20
143,26,27,28,42,43,45,8,3,3954584700 ,49415357000 ,2005-08-27
144,4,15,17,26,36,37,43,8,1402440413 ,49202521000 ,2005-09-03
145,2,3,13,20,27,44,9,3,3797838200 ,48913832000 ,2005-09-10
146,2,19,27,35,41,42,25,2,6043415250 ,50677555000 ,2005-09-17
147,4,6,13,21,40,42,36,7,1700040215 ,50345605000 ,2005-09-24
148,21,25,33,34,35,36,17,5,2323596420 ,49523247000 ,2005-10-01
149,2,11,21,34,41,42,27,7,1639052143 ,48406950000 ,2005-10-08
150,2,18,25,28,37,39,16,4,2831645850 ,48763778000 ,2005-10-15
151,1,2,10,13,18,19,15,4,2716634025 ,47357067000 ,2005-10-22
152,1,5,13,26,29,34,43,5,2278131840 ,48180334000 ,2005-10-29
153,3,8,11,12,13,36,33,4,2730526125 ,47777735000 ,2005-11-05
154,6,19,21,35,40,45,20,4,2836628700 ,48022386000 ,2005-11-12
155,16,19,20,32,33,41,4,9,1193005734 ,46140202000 ,2005-11-19
156,5,18,28,30,42,45,2,8,1401099900 ,47344584000 ,2005-11-26
157,19,26,30,33,35,39,37,2,5484903750 ,46853365000 ,2005-12-03
158,4,9,13,18,21,34,7,10,1069544340 ,46368888000 ,2005-12-10
159,1,18,30,41,42,43,32,6,1755407300 ,44311926000 ,2005-12-17
160,3,7,8,34,39,41,1,2,5490805350 ,46833239000 ,2005-12-24
161,22,34,36,40,42,45,44,7,1996876272 ,53096453000 ,2005-12-31
162,1,5,21,25,38,41,24,5,2308265760 ,49050086000 ,2006-01-07
163,7,11,26,28,29,44,16,7,1629726515 ,49018952000 ,2006-01-14
164,6,9,10,11,39,41,27,3,4054937900 ,53052119000 ,2006-01-21
165,5,13,18,19,22,42,31,2,6767426700 ,58088118000 ,2006-01-28
166,9,12,27,36,39,45,14,11,1111299982 ,52157466000 ,2006-02-04
167,24,27,28,30,36,39,4,5,2491222920 ,52744392000 ,2006-02-11
168,3,10,31,40,42,43,30,5,2349946920 ,51496212000 ,2006-02-18
169,16,27,35,37,43,45,19,5,2482888380 ,52076183000 ,2006-02-25
170,2,11,13,15,31,42,10,6,1923108250 ,49718245000 ,2006-03-04
171,4,16,25,29,34,35,1,6,1961339700 ,50357474000 ,2006-03-11
172,4,19,21,24,26,41,35,11,1081154073 ,50758266000 ,2006-03-18
173,3,9,24,30,33,34,18,8,1487736788 ,52286521000 ,2006-03-25
174,13,14,18,22,35,39,16,7,1771103058 ,52340568000 ,2006-04-01
175,19,26,28,31,33,36,17,5,2371132620 ,50895147000 ,2006-04-08
176,4,17,30,32,33,34,15,5,2314663080 ,50488528000 ,2006-04-15
177,1,10,13,16,37,43,6,7,1693285500 ,50480325000 ,2006-04-22
178,1,5,11,12,18,23,9,5,2254621080 ,49582758000 ,2006-04-29
179,5,9,17,25,39,43,32,10,1081093920 ,47291694000 ,2006-05-06
180,2,15,20,21,29,34,22,2,5763371550 ,48895477000 ,2006-05-13
181,14,21,23,32,40,45,44,6,1941763300 ,49124446000 ,2006-05-20
182,13,15,27,29,34,40,35,3,3721439400 ,47222594000 ,2006-05-27
183,2,18,24,34,40,42,5,6,1777221500 ,45938460000 ,2006-06-03
184,1,2,6,16,20,33,41,6,1747753050 ,45503351000 ,2006-06-10
185,1,2,4,8,19,38,14,3,3522485800 ,45783088000 ,2006-06-17
186,4,10,14,19,21,45,9,9,1187882600 ,45484428000 ,2006-06-24
187,1,2,8,18,29,38,42,7,1544733900 ,45855961000 ,2006-07-01
188,19,24,27,30,31,34,36,3,3501405200 ,45176242000 ,2006-07-08
189,8,14,32,35,37,45,28,3,3461775100 ,43650551000 ,2006-07-15
190,8,14,18,30,31,44,15,6,1784159450 ,44864459000 ,2006-07-22
191,5,6,24,25,32,37,8,4,2577114675 ,44534869000 ,2006-07-29
192,4,8,11,18,37,45,33,4,2445348375 ,42035065000 ,2006-08-05
193,6,14,18,26,36,39,13,3,3404449700 ,43788477000 ,2006-08-12
194,15,20,23,26,39,44,28,4,2650567875 ,44511515000 ,2006-08-19
195,7,10,19,22,35,40,31,11,918992591 ,44374725000 ,2006-08-26
196,35,36,37,41,44,45,30,15,727876520 ,45773496000 ,2006-09-02
197,7,12,16,34,42,45,4,6,1803018300 ,45993306000 ,2006-09-09
198,12,19,20,25,41,45,2,6,1797855050 ,45614021000 ,2006-09-16
199,14,21,22,25,30,36,43,2,5344252200 ,45021068000 ,2006-09-23
200,5,6,13,14,17,20,7,8,1344616613 ,46640423000 ,2006-09-30
201,3,11,24,38,39,44,26,1,9719465400 ,42254768000 ,2006-10-07
202,12,14,27,33,39,44,17,6,1893391700 ,48304034000 ,2006-10-14
203,1,3,11,24,30,32,7,5,2164564740 ,47033359000 ,2006-10-21
204,3,12,14,35,40,45,5,8,1358347125 ,46077750000 ,2006-10-28
205,1,3,21,29,35,37,30,6,1835221800 ,46330516000 ,2006-11-04
206,1,2,3,15,20,25,43,5,2032859340 ,44326979000 ,2006-11-11
207,3,11,14,31,32,37,38,5,2104673760 ,45282336000 ,2006-11-18
208,14,25,31,34,40,44,24,6,1760767400 ,45516378000 ,2006-11-25
209,2,7,18,20,24,33,37,6,1660896350 ,43753377000 ,2006-12-02
210,10,19,22,23,25,37,39,2,5139085950 ,44757963000 ,2006-12-09
211,12,13,17,20,33,41,8,10,1035800250 ,45332675000 ,2006-12-16
212,11,12,18,21,31,38,8,4,2660747250 ,46139120000 ,2006-12-23
213,2,3,4,5,20,24,42,8,1376678025 ,48745094000 ,2006-12-30
214,5,7,20,25,28,37,32,8,1406980875 ,49195740000 ,2007-01-06
215,2,3,7,15,43,44,4,7,1587689615 ,47675761000 ,2007-01-13
216,7,16,17,33,36,40,1,13,848506108 ,48342018000 ,2007-01-20
217,16,20,27,33,35,39,38,7,1611246172 ,48260644000 ,2007-01-27
218,1,8,14,18,29,44,20,4,2779075800 ,47018314000 ,2007-02-03
219,4,11,20,26,35,37,16,9,1208409167 ,46903745000 ,2007-02-10
220,5,11,19,21,34,43,31,6,1958094950 ,50383399000 ,2007-02-17
221,2,20,33,35,37,40,10,6,1800104250 ,47674135000 ,2007-02-24
222,5,7,28,29,39,43,44,5,2275193820 ,47735197000 ,2007-03-03
223,1,3,18,20,26,27,38,7,1498170600 ,46036874000 ,2007-03-10
224,4,19,26,27,30,42,7,6,1808969950 ,46435109000 ,2007-03-17
225,5,11,13,19,31,36,7,6,1777201800 ,46352016000 ,2007-03-24
226,2,6,8,14,21,22,34,6,1744100150 ,45145643000 ,2007-03-31
227,4,5,15,16,22,42,2,2,5253542400 ,44444776000 ,2007-04-07
228,17,25,35,36,39,44,23,9,1146700334 ,44764100000 ,2007-04-14
229,4,5,9,11,23,38,35,7,1451441100 ,44762989000 ,2007-04-21
230,5,11,14,29,32,33,12,8,1292929163 ,44191351000 ,2007-04-28
231,5,10,19,31,44,45,27,9,1088365900 ,42355627000 ,2007-05-05
232,8,9,10,12,24,44,35,9,1110918400 ,43564632000 ,2007-05-12
233,4,6,13,17,28,40,39,10,999153750 ,43516805000 ,2007-05-19
234,13,21,22,24,26,37,4,4,2519743875 ,42814085000 ,2007-05-26
235,21,22,26,27,31,37,8,3,3433330100 ,43347391000 ,2007-06-02
236,1,4,8,13,37,39,7,2,5030040150 ,42941871000 ,2007-06-09
237,1,11,17,21,24,44,33,7,1440630729 ,43358287000 ,2007-06-16
238,2,4,15,28,31,34,35,9,1121660567 ,42952477000 ,2007-06-23
239,11,15,24,39,41,44,7,9,1134140167 ,43296565000 ,2007-06-30
240,6,10,16,40,41,43,21,2,5098251450 ,43603443000 ,2007-07-07
241,2,16,24,27,28,35,21,4,2552016300 ,43246894000 ,2007-07-14
242,4,19,20,21,32,34,43,8,1234542375 ,42679760000 ,2007-07-21
243,2,12,17,19,28,42,34,4,2408850000 ,41304830000 ,2007-07-28
244,13,16,25,36,37,38,19,1,9121583100 ,39411047000 ,2007-08-04
245,9,11,27,31,32,38,22,7,1382583129 ,41854623000 ,2007-08-11
246,13,18,21,23,26,39,15,5,1911774240 ,41453154000 ,2007-08-18
247,12,15,28,36,39,40,13,6,1669313900 ,42231698000 ,2007-08-25
248,3,8,17,23,38,45,13,8,1227479363 ,42348403000 ,2007-09-01
249,3,8,27,31,41,44,11,6,1663568700 ,42539134000 ,2007-09-08
250,19,23,30,37,43,45,38,5,1994726280 ,42122808000 ,2007-09-15
251,6,7,19,25,28,38,45,8,1282616400 ,44493014000 ,2007-09-22
252,14,23,26,31,39,45,28,7,1391089715 ,41207920000 ,2007-09-29
253,8,19,25,31,34,36,33,4,2466189525 ,42309347000 ,2007-10-06
254,1,5,19,20,24,30,27,1,9741015900 ,42259113000 ,2007-10-13
255,1,5,6,24,27,42,32,6,1598618550 ,41425341000 ,2007-10-20
256,4,11,14,21,23,43,32,2,4891017000 ,41996580000 ,2007-10-27
257,6,13,27,31,32,37,4,4,2391377025 ,41433637000 ,2007-11-03
258,14,27,30,31,38,40,17,4,2426434350 ,41364428000 ,2007-11-10
259,4,5,14,35,42,45,34,2,4838533500 ,40905570000 ,2007-11-17
260,7,12,15,24,37,40,43,4,2310085575 ,40140211000 ,2007-11-24
261,6,11,16,18,31,43,2,3,3192299100 ,41215041000 ,2007-12-01
262,9,12,24,25,29,31,36,2,4518741600 ,39232234000 ,2007-12-08
263,1,27,28,32,37,40,18,6,1551704900 ,39677128000 ,2007-12-15
264,9,16,27,36,41,44,5,7,1344889200 ,39783178000 ,2007-12-22
265,5,9,34,37,38,39,12,8,1200838575 ,40913922000 ,2007-12-29
266,3,4,9,11,22,42,37,3,3207211700 ,41937067000 ,2008-01-05
267,7,8,24,34,36,41,1,3,3257663300 ,41835853000 ,2008-01-12
268,3,10,19,24,32,45,12,7,1350954515 ,41213802000 ,2008-01-19
269,5,18,20,36,42,43,32,5,1961399940 ,41357619000 ,2008-01-26
270,5,9,12,20,21,26,27,5,1927830060 ,41845351000 ,2008-02-02
271,3,8,9,27,29,40,36,6,1565918150 ,40879633000 ,2008-02-09
272,7,9,12,27,39,43,28,9,1104622800 ,43310674000 ,2008-02-16
273,1,8,24,31,34,44,6,3,3339543100 ,42816211000 ,2008-02-23
274,13,14,15,26,35,39,25,4,2505085575 ,42631711000 ,2008-03-01
275,14,19,20,35,38,40,26,1,10044066900 ,42329813000 ,2008-03-08
276,4,15,21,33,39,41,25,3,3312569000 ,42567610000 ,2008-03-15
277,10,12,13,15,25,29,20,3,3272627800 ,41868708000 ,2008-03-22
278,3,11,37,39,41,43,13,3,3186530000 ,41088180000 ,2008-03-29
279,7,16,31,36,37,38,11,5,1914205320 ,41130542000 ,2008-04-05
280,10,11,23,24,36,37,35,7,1355258529 ,40673999000 ,2008-04-12
281,1,3,4,6,14,41,12,6,1554683200 ,40800514000 ,2008-04-19
282,2,5,10,18,31,32,30,7,1322052643 ,41051175000 ,2008-04-26
283,6,8,18,31,38,45,42,3,3137224600 ,40133316000 ,2008-05-03
284,2,7,15,24,30,45,28,3,3117640300 ,39773403000 ,2008-05-10
285,13,33,37,40,41,45,2,3,3164370100 ,40364871000 ,2008-05-17
286,1,15,19,40,42,44,17,3,3236566300 ,40944483000 ,2008-05-24
287,6,12,24,27,35,37,41,7,1328657100 ,40623489000 ,2008-05-31
288,1,12,17,28,35,41,10,4,2357261550 ,39970134000 ,2008-06-07
289,3,14,33,37,38,42,10,0,0 ,39406643000 ,2008-06-14
290,8,13,18,32,39,45,7,13,2149214424 ,80362302000 ,2008-06-21
291,3,7,8,18,20,42,45,7,1450585200 ,44143418000 ,2008-06-28
292,17,18,31,32,33,34,10,14,720373950 ,43394631000 ,2008-07-05
293,1,9,17,21,29,33,24,6,1656764400 ,42399708000 ,2008-07-12
294,6,10,17,30,37,38,40,4,2406504975 ,41563813000 ,2008-07-19
295,1,4,12,16,18,38,8,0,0 ,42248135000 ,2008-07-26
296,3,8,15,27,30,45,44,8,3066088275 ,63377899000 ,2008-08-02
297,6,11,19,20,28,32,34,2,5056668750 ,43641475000 ,2008-08-09
298,5,9,27,29,37,40,19,1,9909778500 ,43151675000 ,2008-08-16
299,1,3,20,25,36,45,24,7,1483772529 ,44463909000 ,2008-08-23
300,7,9,10,12,26,38,39,12,836092425 ,44465047000 ,2008-08-30
301,7,11,13,33,37,43,26,7,1447385015 ,44377177000 ,2008-09-06
302,13,19,20,32,38,42,4,2,5472167250 ,46382605000 ,2008-09-13
303,2,14,17,30,38,45,43,6,1672749000 ,42841760000 ,2008-09-20
304,4,10,16,26,33,41,38,6,1661646150 ,43158653000 ,2008-09-27
305,7,8,18,21,23,39,9,5,2008210140 ,43960659000 ,2008-10-04
306,4,18,23,30,34,41,19,5,2102669520 ,44421462000 ,2008-10-11
307,5,15,21,23,25,45,12,4,2587643250 ,43880990000 ,2008-10-18
308,14,15,17,19,37,45,40,1,10232872800 ,43339416000 ,2008-10-25
309,1,2,5,11,18,36,22,11,901622946 ,44157528000 ,2008-11-01
310,1,5,19,28,34,41,16,8,1296713325 ,43718082000 ,2008-11-08
311,4,12,24,27,28,32,10,8,1237691063 ,43209215000 ,2008-11-15
312,2,3,5,6,12,20,25,15,629017820 ,42255391000 ,2008-11-22
313,9,17,34,35,43,45,2,6,1715422800 ,43672096000 ,2008-11-29
314,15,17,19,34,38,41,2,6,1660512200 ,42328094000 ,2008-12-06
315,1,13,33,35,43,45,23,8,1308728625 ,44339180000 ,2008-12-13
316,10,11,21,27,31,39,43,6,1673586400 ,44073768000 ,2008-12-20
317,3,10,11,22,36,39,8,4,2576258550 ,44135114000 ,2008-12-27
318,2,17,19,20,34,45,21,9,1207436600 ,46663728000 ,2009-01-03
319,5,8,22,28,33,42,37,5,2135659380 ,45435183000 ,2009-01-10
320,16,19,23,25,41,45,3,2,5513067900 ,46659886000 ,2009-01-17
321,12,18,20,21,25,34,42,6,1959136100 ,50617982000 ,2009-01-24
322,9,18,29,32,38,43,20,6,1904544700 ,48948294000 ,2009-01-31
323,10,14,15,32,36,42,3,8,1461025388 ,49209477000 ,2009-02-07
324,2,4,21,25,33,36,17,6,1865130350 ,47988317000 ,2009-02-14
325,7,17,20,32,44,45,33,6,1806122450 ,46636979000 ,2009-02-21
326,16,23,25,33,36,39,40,6,1832134550 ,47224551000 ,2009-02-28
327,6,12,13,17,32,44,24,12,882674750 ,45791560000 ,2009-03-07
328,1,6,9,16,17,28,24,6,1819795900 ,47316988000 ,2009-03-14
329,9,17,19,30,35,42,4,6,1830391200 ,47198504000 ,2009-03-21
330,3,4,16,17,19,20,23,9,1162280200 ,45859496000 ,2009-03-28
331,4,9,14,26,31,44,39,5,2165902620 ,46641467000 ,2009-04-04
332,16,17,34,36,42,45,3,8,1359448388 ,46042557000 ,2009-04-11
333,5,14,27,30,39,43,35,7,1550987143 ,46019070000 ,2009-04-18
334,13,15,21,29,39,43,33,7,1523002972 ,44439656000 ,2009-04-25
335,5,9,16,23,26,45,21,5,2037492480 ,43977478000 ,2009-05-02
336,3,5,20,34,35,44,16,6,1685632650 ,43069333000 ,2009-05-09
337,1,5,14,18,32,37,4,8,1257500513 ,43432467000 ,2009-05-16
338,2,13,34,38,42,45,16,3,3383431000 ,43136020000 ,2009-05-23
339,6,8,14,21,30,37,45,9,1096778334 ,42035640000 ,2009-05-30
340,18,24,26,29,34,38,32,7,1439393186 ,42892121000 ,2009-06-06
341,1,8,19,34,39,43,41,7,1497207772 ,44722448000 ,2009-06-13
342,1,13,14,33,34,43,25,3,3454095800 ,43782188000 ,2009-06-20
343,1,10,17,29,31,43,15,6,1717153000 ,43656460000 ,2009-06-27
344,1,2,15,28,34,45,38,7,1467106543 ,43838886000 ,2009-07-04
345,15,20,23,29,39,42,2,2,5203577550 ,43530937000 ,2009-07-11
346,5,13,14,22,44,45,33,5,2017727340 ,42862389000 ,2009-07-18
347,3,8,13,27,32,42,10,7,1456624286 ,44219740000 ,2009-07-25
348,3,14,17,20,24,31,34,3,3299994000 ,42786310000 ,2009-08-01
349,5,13,14,20,24,25,36,3,3353209000 ,43433870000 ,2009-08-08
350,1,8,18,24,29,33,35,9,1101052467 ,42681094000 ,2009-08-15
351,5,25,27,29,34,36,33,4,2583357150 ,43947492000 ,2009-08-22
352,5,16,17,20,26,41,24,6,1732858250 ,44719545000 ,2009-08-29
353,11,16,19,22,29,36,26,2,5290838250 ,44552925000 ,2009-09-05
354,14,19,36,43,44,45,1,5,2124464340 ,44709689000 ,2009-09-12
355,5,8,29,30,35,44,38,5,2145424800 ,45017050000 ,2009-09-19
356,2,8,14,25,29,45,24,9,1157185267 ,44684958000 ,2009-09-26
357,10,14,18,21,36,37,5,2,5313394350 ,45232409000 ,2009-10-03
358,1,9,10,12,21,40,37,3,3472654900 ,45651829000 ,2009-10-10
359,1,10,19,20,24,40,23,8,1286712600 ,45288256000 ,2009-10-17
360,4,16,23,25,35,40,27,3,3566716200 ,45719032000 ,2009-10-24
361,5,10,16,24,27,35,33,7,1473115115 ,45062676000 ,2009-10-31
362,2,3,22,27,30,40,29,6,1729424650 ,44336363000 ,2009-11-07
363,11,12,14,21,32,38,6,4,2615910600 ,44863948000 ,2009-11-14
364,2,5,7,14,16,40,4,4,2531914800 ,44192004000 ,2009-11-21
365,5,15,21,25,26,30,31,1,10697716800 ,45806066000 ,2009-11-28
366,5,12,19,26,27,44,38,2,5351553900 ,45962166000 ,2009-12-05
367,3,22,25,29,32,44,19,7,1581736586 ,46459307000 ,2009-12-12
368,11,21,24,30,39,45,26,7,1465825115 ,43746046000 ,2009-12-19
369,17,20,35,36,41,43,21,6,1842177750 ,46716275000 ,2009-12-26
370,16,18,24,42,44,45,17,7,1678941943 ,49762652000 ,2010-01-02
371,7,9,15,26,27,42,18,7,1524130543 ,45843166000 ,2010-01-09
372,8,11,14,16,18,21,13,9,1192593200 ,46167066000 ,2010-01-16
373,15,26,37,42,43,45,9,4,2791801125 ,47095065000 ,2010-01-23
374,11,13,15,17,25,34,26,2,5528717850 ,48081319000 ,2010-01-30
375,4,8,19,25,27,45,7,7,1581284058 ,47864938000 ,2010-02-06
376,1,11,13,24,28,40,7,6,1956915800 ,50657096000 ,2010-02-13
377,6,22,29,37,43,45,23,3,3912085400 ,49218434000 ,2010-02-20
378,5,22,29,31,34,39,43,5,2317698240 ,48866964000 ,2010-02-27
379,6,10,22,31,35,40,19,7,1598999786 ,47537685000 ,2010-03-06
380,1,2,8,17,26,37,27,4,2684274825 ,47164371000 ,2010-03-13
381,1,5,10,12,16,20,11,19,565738895 ,47943113000 ,2010-03-20
382,10,15,22,24,27,42,19,6,1846674900 ,47401288000 ,2010-03-27
383,4,15,28,33,37,40,25,3,3596522100 ,46067051000 ,2010-04-03
384,11,22,24,32,36,38,7,3,3658734200 ,46888942000 ,2010-04-10
385,7,12,19,21,29,32,9,7,1542032700 ,46243483000 ,2010-04-17
386,4,7,10,19,31,40,26,10,1042953330 ,45907331000 ,2010-04-24
387,1,26,31,34,40,43,20,4,2675533500 ,45459960000 ,2010-05-01
388,1,8,9,17,29,32,45,4,2545543875 ,44308705000 ,2010-05-08
389,7,16,18,20,23,26,3,5,2119027020 ,45534027000 ,2010-05-15
390,16,17,28,37,39,40,15,1,10373997900 ,44189673000 ,2010-05-22
391,10,11,18,22,28,39,30,1,10508749800 ,45161516000 ,2010-05-29
392,1,3,7,8,24,42,43,6,1713528700 ,45528684000 ,2010-06-05
393,9,16,28,40,41,43,21,8,1362003975 ,45989116000 ,2010-06-12
394,1,13,20,22,25,28,15,1,10654349100 ,45192337000 ,2010-06-19
395,11,15,20,26,31,35,7,7,1534635000 ,46192580000 ,2010-06-26
396,18,20,31,34,40,45,30,2,5296622400 ,45463736000 ,2010-07-03
397,12,13,17,22,25,33,8,3,3499519700 ,45890007000 ,2010-07-10
398,10,15,20,23,42,44,7,4,2680625550 ,45427304000 ,2010-07-17
399,1,2,9,17,19,42,20,8,1276854975 ,45551786000 ,2010-07-24
400,9,21,27,34,41,43,2,4,2669834325 ,45379731000 ,2010-07-31
401,6,12,18,31,38,43,9,9,1168214792 ,43491965000 ,2010-08-07
402,5,9,15,19,22,36,32,4,2662206188 ,45002946000 ,2010-08-14
403,10,14,22,24,28,37,26,5,2122396875 ,44911335000 ,2010-08-21
404,5,20,21,24,33,40,36,3,3566659375 ,45389825000 ,2010-08-28
405,1,2,10,25,26,44,4,3,3543878000 ,45220904000 ,2010-09-04
406,7,12,21,24,27,36,45,5,2156142450 ,46062206000 ,2010-09-11
407,6,7,13,16,24,25,1,7,1649707286 ,48429586000 ,2010-09-18
408,9,20,21,22,30,37,16,5,2235375825 ,46406711000 ,2010-09-25
409,6,9,21,31,32,40,38,4,2896989750 ,47924584000 ,2010-10-02
410,1,3,18,32,40,41,16,9,1249335709 ,47467817000 ,2010-10-09
411,11,14,22,35,37,39,5,12,953227563 ,47259122000 ,2010-10-16
412,4,7,39,41,42,45,40,7,1656199822 ,47066180000 ,2010-10-23
413,2,9,15,23,34,40,3,4,2814673500 ,46925724000 ,2010-10-30
414,2,14,15,22,23,44,43,1,11703832500 ,46910990000 ,2010-11-06
415,7,17,20,26,30,40,24,8,1334182407 ,46746048000 ,2010-11-13
416,5,6,8,11,22,26,44,10,1072037100 ,46854806000 ,2010-11-20
417,4,5,14,20,22,43,44,4,2818329938 ,45968256000 ,2010-11-27
418,11,13,15,26,28,34,31,8,1435649766 ,47058055000 ,2010-12-04
419,2,11,13,14,28,30,7,3,3796490750 ,46508296000 ,2010-12-11
420,4,9,10,29,31,34,27,8,1424856375 ,47345476000 ,2010-12-18
421,6,11,26,27,28,44,30,5,2321144325 ,47752021000 ,2010-12-25
422,8,15,19,21,34,44,12,6,2205251375 ,52730602000 ,2011-01-01
423,1,17,27,28,29,40,5,3,3896153875 ,49668311000 ,2011-01-08
424,10,11,26,31,34,44,30,10,1109480813 ,48728445000 ,2011-01-15
425,8,10,14,27,33,38,3,8,1534833000 ,50459694000 ,2011-01-22
426,4,17,18,27,39,43,19,4,3057233625 ,51466592000 ,2011-01-29
427,6,7,15,24,28,30,21,1,12571445625 ,52511055000 ,2011-02-05
428,12,16,19,22,37,40,8,9,1437683209 ,54685007000 ,2011-02-12
429,3,23,28,34,39,42,16,9,1485904709 ,53993833000 ,2011-02-19
430,1,3,16,18,30,34,44,8,1611763219 ,53194872000 ,2011-02-26
431,18,22,25,31,38,45,6,10,1268434013 ,51661947000 ,2011-03-05
432,2,3,5,11,27,39,33,5,2299427550 ,52348574000 ,2011-03-12
433,19,23,29,33,35,43,27,11,1182294410 ,52396606000 ,2011-03-19
434,3,13,20,24,33,37,35,8,1480060266 ,51579439000 ,2011-03-26
435,8,16,26,30,38,45,42,10,1287550013 ,52341267000 ,2011-04-02
436,9,14,20,22,33,34,28,8,1512266579 ,50869017000 ,2011-04-09
437,11,16,29,38,41,44,21,6,2096245438 ,50798417000 ,2011-04-16
438,6,12,20,26,29,38,45,9,1377142167 ,50370042000 ,2011-04-23
439,17,20,30,31,37,40,25,6,1900077375 ,49680708000 ,2011-04-30
440,10,22,28,34,36,44,2,6,1995873000 ,49810778000 ,2011-05-07
441,1,23,28,30,34,35,9,4,3170417063 ,50272122000 ,2011-05-14
442,25,27,29,36,38,40,41,9,1413413042 ,51219943000 ,2011-05-21
443,4,6,10,19,20,44,14,9,1327597584 ,51236072000 ,2011-05-28
444,11,13,23,35,43,45,17,3,4154188625 ,50673529000 ,2011-06-04
445,13,20,21,30,39,45,32,7,1791683036 ,50053080000 ,2011-06-11
446,1,11,12,14,26,35,6,3,4051247625 ,50595241000 ,2011-06-18
447,2,7,8,9,17,33,34,4,2657941125 ,49555042000 ,2011-06-25
448,3,7,13,27,40,41,36,3,4026212750 ,51341262000 ,2011-07-02
449,3,10,20,26,35,43,36,3,4059715250 ,50214272000 ,2011-07-09
450,6,14,19,21,23,31,13,6,1990391625 ,49732036000 ,2011-07-16
451,12,15,20,24,30,38,29,13,882138952 ,49861167000 ,2011-07-23
452,8,10,18,30,32,34,27,9,1276902000 ,48456758000 ,2011-07-30
453,12,24,33,38,40,42,30,5,2262732375 ,48055125000 ,2011-08-06
454,13,25,27,34,38,41,10,7,1609125590 ,48389211000 ,2011-08-13
455,4,19,20,26,30,35,24,7,1635711483 ,48769851000 ,2011-08-20
456,1,7,12,18,23,27,44,7,1598505054 ,49420681000 ,2011-08-27
457,8,10,18,23,27,40,33,10,1159902825 ,49679052000 ,2011-09-03
458,4,9,10,32,36,40,18,8,1608812625 ,53778256000 ,2011-09-10
459,4,6,10,14,25,40,12,7,1655842233 ,49890095000 ,2011-09-17
460,8,11,28,30,43,45,41,4,3180895782 ,51917635000 ,2011-09-24
461,11,18,26,31,37,40,43,6,1948674875 ,50624588000 ,2011-10-01
462,3,20,24,32,37,45,4,8,1483559297 ,49325555000 ,2011-10-08
463,23,29,31,33,34,44,40,0,0 ,49205151000 ,2011-10-15
464,6,12,15,34,42,44,4,13,3355721106 ,126772274000 ,2011-10-22
465,1,8,11,13,22,38,31,7,1923662893 ,57793294000 ,2011-10-29
466,4,10,13,23,32,44,20,9,1530313459 ,58314753000 ,2011-11-05
467,2,12,14,17,24,40,39,9,1435441084 ,57383906000 ,2011-11-12
468,8,13,15,28,37,43,17,9,1527197167 ,55598552000 ,2011-11-19
469,4,21,22,34,37,38,33,4,3330131250 ,53364940000 ,2011-11-26
470,10,16,20,39,41,42,27,3,4333330625 ,53912965000 ,2011-12-03
471,6,13,29,37,39,41,43,7,1939332858 ,53492340000 ,2011-12-10
472,16,25,26,31,36,43,44,7,1809656090 ,51929207000 ,2011-12-17
473,8,13,20,22,23,36,34,4,3250418063 ,52867236000 ,2011-12-24
474,4,13,18,31,33,45,43,15,936690800 ,58978482000 ,2011-12-31
475,1,9,14,16,21,29,3,8,1693923047 ,56043275000 ,2012-01-07
476,9,12,13,15,37,38,27,4,3439851469 ,55591819000 ,2012-01-14
477,14,25,29,32,33,45,37,8,1919011829 ,60801409000 ,2012-01-21
478,18,29,30,37,39,43,8,14,987224759 ,54975901000 ,2012-01-28
479,8,23,25,27,35,44,24,6,2233046500 ,54848834000 ,2012-02-04
480,3,5,10,17,30,31,16,4,2996742282 ,55415681000 ,2012-02-11
481,3,4,23,29,40,41,20,3,4639355750 ,55642616000 ,2012-02-18
482,1,10,16,24,25,35,43,7,1897921179 ,56201452000 ,2012-02-25
483,12,15,19,22,28,34,5,5,2567196675 ,55582659000 ,2012-03-03
484,1,3,27,28,32,45,11,6,2305303063 ,55885979000 ,2012-03-10
485,17,22,26,27,36,39,20,9,1501474917 ,55692878000 ,2012-03-17
486,1,2,23,25,38,40,43,13,1008634125 ,54540823000 ,2012-03-24
487,4,8,25,27,37,41,21,8,1638830766 ,55276503000 ,2012-03-31
488,2,8,17,30,31,38,25,10,1330393575 ,54213092000 ,2012-04-07
489,2,4,8,15,20,27,11,6,2106360625 ,53558490000 ,2012-04-14
490,2,7,26,29,40,43,42,7,1860234161 ,52590121000 ,2012-04-21
491,8,17,35,36,39,42,4,4,3304634438 ,53413874000 ,2012-04-28
492,22,27,31,35,37,40,42,5,2493013800 ,51693454000 ,2012-05-05
493,20,22,26,33,36,37,25,9,1451120334 ,53231838000 ,2012-05-12
494,5,7,8,15,30,43,22,12,1054588407 ,53321589000 ,2012-05-19
495,4,13,22,27,34,44,6,6,2111645000 ,53645960000 ,2012-05-26
496,4,13,20,29,36,41,39,4,3285932250 ,52915804000 ,2012-06-02
497,19,20,23,24,43,44,13,6,2222817813 ,52411585000 ,2012-06-09
498,13,14,24,32,39,41,3,4,3244503094 ,52851253000 ,2012-06-16
499,5,20,23,27,35,40,43,3,4070480250 ,52767632000 ,2012-06-23
500,3,4,12,20,24,34,41,9,1351072375 ,54012267000 ,2012-06-30
501,1,4,10,17,31,42,2,4,3025200094 ,52717711000 ,2012-07-07
502,6,22,28,32,34,40,26,6,2201458125 ,54000640000 ,2012-07-14
503,1,5,27,30,34,36,40,7,1853634911 ,53572205000 ,2012-07-21
504,6,14,22,26,43,44,31,9,1443236959 ,51787037000 ,2012-07-28
505,7,20,22,25,38,40,44,6,1917955188 ,49103223000 ,2012-08-04
506,6,9,11,22,24,30,31,3,4073333875 ,52363311000 ,2012-08-11
507,12,13,32,33,40,41,4,9,1416438875 ,53638773000 ,2012-08-18
508,5,27,31,34,35,43,37,8,1599557860 ,54010391000 ,2012-08-25
509,12,25,29,35,42,43,24,5,2689076100 ,53390358000 ,2012-09-01
510,12,29,32,33,39,40,42,5,2644158150 ,53964992000 ,2012-09-08
511,3,7,14,23,26,42,24,6,2165579250 ,53970308000 ,2012-09-15
512,4,5,9,13,26,27,1,13,940094452 ,54017801000 ,2012-09-22
513,5,8,21,23,27,33,12,3,4589624750 ,58317548000 ,2012-09-29
514,1,15,20,26,35,42,9,3,4451055500 ,54452404000 ,2012-10-06
515,2,11,12,15,23,37,8,1,13200466875 ,55258935000 ,2012-10-13
516,2,8,23,41,43,44,30,11,1294190182 ,56385762000 ,2012-10-20
517,1,9,12,28,36,41,10,5,2659057725 ,54468223000 ,2012-10-27
518,14,23,30,32,34,38,6,6,2263804125 ,55321566000 ,2012-11-03
519,6,8,13,16,30,43,3,7,1950601393 ,55614206000 ,2012-11-10
520,4,22,27,28,38,40,1,6,2167205438 ,55003797000 ,2012-11-17
521,3,7,18,29,32,36,19,8,1693420922 ,56185373000 ,2012-11-24
522,4,5,13,14,37,41,11,6,2281623000 ,57053378000 ,2012-12-01
523,1,4,37,38,40,45,7,7,1780355840 ,53678449000 ,2012-12-08
524,10,11,29,38,41,45,21,4,3491695594 ,55662103000 ,2012-12-15
525,11,23,26,29,39,44,22,9,1501132375 ,55566007000 ,2012-12-22
526,7,14,17,20,35,39,31,9,1491031959 ,56527807000 ,2012-12-29
527,1,12,22,32,33,42,38,13,1032386366 ,56985634000 ,2013-01-05
528,5,17,25,31,39,40,10,11,1197889125 ,57548541000 ,2013-01-12
529,18,20,24,27,31,42,39,8,1749114797 ,57645779000 ,2013-01-19
530,16,23,27,29,33,41,22,11,1231656239 ,56241083000 ,2013-01-26
531,1,5,9,21,27,35,45,9,1521519750 ,57567064000 ,2013-02-02
532,16,17,23,24,29,44,3,7,2216896286 ,61687384000 ,2013-02-09
533,9,14,15,17,31,33,23,8,1785671579 ,59275357000 ,2013-02-16
534,10,24,26,29,37,38,32,1,14215763250 ,59227462000 ,2013-02-23
535,11,12,14,15,18,39,34,3,4935603000 ,60523884000 ,2013-03-02
536,7,8,18,32,37,43,12,11,1308523603 ,59763469000 ,2013-03-09
537,12,23,26,30,36,43,11,7,2104038911 ,59453323000 ,2013-03-16
538,6,10,18,31,32,34,11,3,4688021625 ,59233373000 ,2013-03-23
539,3,19,22,31,42,43,26,9,1621036667 ,59168870000 ,2013-03-30
540,3,12,13,15,34,36,14,7,1989365250 ,56739658000 ,2013-04-06
541,8,13,26,28,32,34,43,11,1269327171 ,57087047000 ,2013-04-13
542,5,6,19,26,41,45,34,6,2335152563 ,56949161000 ,2013-04-20
543,13,18,26,31,34,44,12,12,1112934844 ,56570245000 ,2013-04-27
544,5,17,21,25,36,44,10,13,1046388433 ,56056189000 ,2013-05-04
545,4,24,25,27,34,35,2,11,1198994353 ,55967171000 ,2013-05-11
546,8,17,20,27,37,43,6,30,405939950 ,56713166000 ,2013-05-18
547,6,7,15,22,34,39,28,5,2838444450 ,57968466000 ,2013-05-25
548,1,12,13,21,32,45,14,8,1736871891 ,57771827000 ,2013-06-01
549,29,31,35,38,40,44,17,8,1760805047 ,56864611000 ,2013-06-08
550,1,7,14,20,34,37,41,11,1118679205 ,56441770000 ,2013-06-15
551,3,6,20,24,27,44,25,1,13526973750 ,56989370000 ,2013-06-22
552,1,10,20,32,35,40,43,10,1330824225 ,57602386000 ,2013-06-29
553,2,7,17,28,29,39,37,6,2249631438 ,56487483000 ,2013-07-06
554,13,14,17,32,41,42,6,2,6813893625 ,56124466000 ,2013-07-13
555,11,17,21,24,26,36,12,8,1711027360 ,57273817000 ,2013-07-20
556,12,20,23,28,30,44,43,7,2005209161 ,57374791000 ,2013-07-27
557,4,20,26,28,35,40,31,7,1888069286 ,55086560000 ,2013-08-03
558,12,15,19,26,40,43,29,10,1315913663 ,54939001000 ,2013-08-10
559,11,12,25,32,44,45,23,7,1926145608 ,55733418000 ,2013-08-17
560,1,4,20,23,29,45,28,7,1976697215 ,56565298000 ,2013-08-24
561,5,7,18,37,42,45,20,5,2753712225 ,56638383000 ,2013-08-31
562,4,11,13,17,20,31,33,11,1166694614 ,56288212000 ,2013-09-07
563,5,10,16,17,31,32,21,7,1932735643 ,57320132000 ,2013-09-14
564,14,19,25,26,27,34,2,7,1934801143 ,58012468000 ,2013-09-21
565,4,10,18,27,40,45,38,8,1742064469 ,59556622000 ,2013-09-28
566,4,5,6,25,26,43,41,4,3508951032 ,57666611000 ,2013-10-05
567,1,10,15,16,32,41,28,6,2318659438 ,57439471000 ,2013-10-12
568,1,3,17,20,31,44,40,10,1305167550 ,57681628000 ,2013-10-19
569,3,6,13,23,24,35,1,4,3467925188 ,58441902000 ,2013-10-26
570,1,12,26,27,29,33,42,9,1527791625 ,57654279000 ,2013-11-02
571,11,18,21,26,38,43,29,7,1966538465 ,56493528000 ,2013-11-09
572,3,13,18,33,37,45,1,8,1668216188 ,56473602000 ,2013-11-16
573,2,4,20,34,35,43,14,8,1645691766 ,56092721000 ,2013-11-23
574,14,15,16,19,25,43,2,2,6965184938 ,55882933000 ,2013-11-30
575,2,8,20,30,33,34,6,8,1699267875 ,56330738000 ,2013-12-07
576,10,11,15,25,35,41,13,3,4321966000 ,54691148000 ,2013-12-14
577,16,17,22,31,34,37,33,3,4484438375 ,57010827000 ,2013-12-21
578,5,12,14,32,34,42,16,5,2796466575 ,58584741000 ,2013-12-28
579,5,7,20,22,37,42,39,11,1396068444 ,63532871000 ,2014-01-04
580,5,7,9,11,32,35,33,7,2028610500 ,60514216000 ,2014-01-11
581,3,5,14,20,42,44,33,8,1844554547 ,60257457000 ,2014-01-18
582,2,12,14,33,40,41,25,4,3560558719 ,59306953000 ,2014-01-25
583,8,17,27,33,40,44,24,11,1341848353 ,62675295000 ,2014-02-01
584,7,18,30,39,40,41,36,3,5033183250 ,61343856000 ,2014-02-08
585,6,7,10,16,38,41,4,9,1620546334 ,60253002000 ,2014-02-15
586,2,7,12,15,21,34,5,8,1778354344 ,59502096000 ,2014-02-22
587,14,21,29,31,32,37,17,3,4974577375 ,59715499000 ,2014-03-01
588,2,8,15,22,25,41,30,5,2889342075 ,59533101000 ,2014-03-08
589,6,8,28,33,38,39,22,7,2136877983 ,60643729000 ,2014-03-15
590,20,30,36,38,41,45,23,7,2185183983 ,60003131000 ,2014-03-22
591,8,13,14,30,38,39,5,5,2964676200 ,59373946000 ,2014-03-29
592,2,5,6,13,28,44,43,6,2356381688 ,58097477000 ,2014-04-05
593,9,10,13,24,33,38,28,9,1532833500 ,59368204000 ,2014-04-12
594,2,8,13,25,28,37,3,11,1255592796 ,57764442000 ,2014-04-19
595,8,24,28,35,38,40,5,8,1744525219 ,57797288000 ,2014-04-26
596,3,4,12,14,25,43,17,10,1328267663 ,56561071000 ,2014-05-03
597,8,10,23,24,35,43,37,13,1057920606 ,56832361000 ,2014-05-10
598,4,12,24,33,38,45,22,16,833998594 ,57518550000 ,2014-05-17
599,5,12,17,29,34,35,27,8,1710918329 ,57381791000 ,2014-05-24
600,5,11,14,27,29,36,44,15,901798725 ,56372519000 ,2014-05-31
601,2,16,19,31,34,35,37,9,1524565209 ,55868455000 ,2014-06-07
602,13,14,22,27,30,38,2,8,1689530860 ,56262855000 ,2014-06-14
603,2,19,25,26,27,43,28,4,3452136563 ,56276650000 ,2014-06-21
604,2,6,18,21,33,34,30,11,1229141557 ,56266399000 ,2014-06-28
605,1,2,7,9,10,38,42,9,1394232250 ,56622924000 ,2014-07-05
606,1,5,6,14,20,39,22,10,1311566850 ,56928896000 ,2014-07-12
607,8,14,23,36,38,39,13,4,3494480907 ,56806213000 ,2014-07-19
608,4,8,18,19,39,44,41,7,1943530018 ,56146117000 ,2014-07-26
609,4,8,27,34,39,40,13,2,6339311438 ,54858201000 ,2014-08-02
610,14,18,20,23,28,36,33,4,3516018375 ,56862756000 ,2014-08-09
611,2,22,27,33,36,37,14,4,3502706157 ,57411079000 ,2014-08-16
612,6,9,18,19,25,33,40,11,1181705250 ,56931314000 ,2014-08-23
613,7,8,11,16,41,44,35,9,1549831209 ,57986249000 ,2014-08-30
614,8,21,25,39,40,44,18,6,2540975438 ,62301977000 ,2014-09-06
615,10,17,18,19,23,27,35,9,1535062417 ,59072378000 ,2014-09-13
616,5,13,18,23,40,45,3,9,1611811250 ,60303360000 ,2014-09-20
617,4,5,11,12,24,27,28,8,1629701860 ,58958123000 ,2014-09-27
618,8,16,25,30,42,43,15,5,2881326225 ,58550803000 ,2014-10-04
619,6,8,13,30,35,40,21,3,4612479375 ,58822925000 ,2014-10-11
620,2,16,17,32,39,45,40,7,2028283233 ,58342777000 ,2014-10-18
621,1,2,6,16,19,42,9,6,2359723500 ,59407216000 ,2014-10-25
622,9,15,16,21,28,34,24,9,1630598292 ,59601329000 ,2014-11-01
623,7,13,30,39,41,45,25,8,1813702594 ,58504142000 ,2014-11-08
624,1,7,19,26,27,35,16,5,2763729450 ,57832726000 ,2014-11-15
625,3,6,7,20,21,39,13,5,2765184675 ,58614979000 ,2014-11-22
626,13,14,26,33,40,43,15,8,1717871110 ,58986187000 ,2014-11-29
627,2,9,22,25,31,45,12,10,1352230650 ,55981334000 ,2014-12-06
628,1,7,12,15,23,42,11,9,1499942875 ,57253109000 ,2014-12-13
629,19,28,31,38,43,44,1,5,2919433575 ,57618701000 ,2014-12-20
630,8,17,21,24,27,31,15,3,4836305500 ,61335894000 ,2014-12-27
631,1,2,4,23,31,34,8,4,3919853532 ,65300621000 ,2015-01-03
632,15,18,21,32,35,44,6,11,1432587716 ,63066603000 ,2015-01-10
633,9,12,19,20,39,41,13,12,1217257094 ,62015797000 ,2015-01-17
634,4,10,11,12,20,27,38,13,1077935106 ,63149567000 ,2015-01-24
635,11,13,25,26,29,33,32,8,1855587235 ,62429621000 ,2015-01-31
636,6,7,15,16,20,31,26,8,1832362219 ,62786394000 ,2015-02-07
637,3,16,22,37,38,44,23,4,3899241094 ,63504865000 ,2015-02-14
638,7,18,22,24,31,34,6,7,2229403179 ,64319586000 ,2015-02-21
639,6,15,22,23,25,32,40,4,4061185219 ,66202599000 ,2015-02-28
640,14,15,18,21,26,35,23,9,1728768834 ,64080502000 ,2015-03-07
641,11,18,21,36,37,43,12,8,1990074563 ,63773134000 ,2015-03-14
642,8,17,18,24,39,45,32,12,1251460438 ,63544224000 ,2015-03-21
643,15,24,31,32,33,40,13,6,2535763625 ,63110068000 ,2015-03-28
644,5,13,17,23,28,36,8,8,1831451204 ,61846599000 ,2015-04-04
645,1,4,16,26,40,41,31,4,3696297750 ,62661756000 ,2015-04-11
646,2,9,24,41,43,45,30,7,2215498393 ,62308090000 ,2015-04-18
647,5,16,21,23,24,30,29,7,2189725608 ,62314338000 ,2015-04-25
648,13,19,28,37,38,43,4,7,2120987947 ,60874405000 ,2015-05-02
649,3,21,22,33,41,42,20,5,2948042100 ,60473178000 ,2015-05-09
650,3,4,7,11,31,41,35,5,2849298900 ,60991082000 ,2015-05-16
651,11,12,16,26,29,44,18,8,1855306454 ,61494891000 ,2015-05-23
652,3,13,15,40,41,44,20,5,3003483525 ,60426977000 ,2015-05-30
653,5,6,26,27,38,39,1,14,980958670 ,59716037000 ,2015-06-06
654,16,21,26,31,36,43,6,8,1879301391 ,60697813000 ,2015-06-13
655,7,37,38,39,40,44,18,9,1661439625 ,60434801000 ,2015-06-20
656,3,7,14,16,31,40,39,2,7330002750 ,61328118000 ,2015-06-27
657,10,14,19,39,40,43,23,9,1694762792 ,61769837000 ,2015-07-04
658,8,19,25,28,32,36,37,9,1634031375 ,61131243000 ,2015-07-11
659,7,18,19,27,29,42,45,11,1336604216 ,61677747000 ,2015-07-18
660,4,9,23,33,39,44,14,10,1421272575 ,60813322000 ,2015-07-25
661,2,3,12,20,27,38,40,8,1713025547 ,59597375000 ,2015-08-01
662,5,6,9,11,15,37,26,8,1689733688 ,59164542000 ,2015-08-08
663,3,5,8,19,38,42,20,7,2080244143 ,61100704000 ,2015-08-15
664,10,20,33,36,41,44,5,10,1536801338 ,61921689000 ,2015-08-22
665,5,6,11,17,38,44,13,4,3643230375 ,61885874000 ,2015-08-29
666,2,4,6,11,17,28,16,6,2396901063 ,62652917000 ,2015-09-05
667,15,17,25,37,42,43,13,7,2228764393 ,63421632000 ,2015-09-12
668,12,14,15,24,27,32,3,5,2991158625 ,63346405000 ,2015-09-19
669,7,8,20,29,33,38,9,6,2708173188 ,67952211000 ,2015-09-26
670,11,18,26,27,40,41,25,12,1191725219 ,62242687000 ,2015-10-03
671,7,9,10,13,31,35,24,4,3722322844 ,63940807000 ,2015-10-10
672,8,21,28,31,36,45,43,9,1754745000 ,63542330000 ,2015-10-17
673,7,10,17,29,33,44,5,10,1491453300 ,63163578000 ,2015-10-24
674,9,10,14,25,27,31,11,8,1770565500 ,61386974000 ,2015-10-31
675,1,8,11,15,18,45,7,4,3514549032 ,60458623000 ,2015-11-07
676,1,8,17,34,39,45,27,8,1879726500 ,62147642000 ,2015-11-14
677,12,15,24,36,41,44,42,8,1921114407 ,62267624000 ,2015-11-21
678,4,5,6,12,25,37,45,6,2288490188 ,60887293000 ,2015-11-28
679,3,5,7,14,26,34,35,5,2863005600 ,62220918000 ,2015-12-05
680,4,10,19,29,32,42,30,14,1110570563 ,64245201000 ,2015-12-12
681,21,24,27,29,43,44,7,6,2696328938 ,63268253000 ,2015-12-19
682,17,23,27,35,38,43,2,4,4063713563 ,66757858000 ,2015-12-26
683,6,13,20,27,28,40,15,16,1010930883 ,71940091000 ,2016-01-02
684,1,11,15,17,25,39,40,9,1688815709 ,66623887000 ,2016-01-09
685,6,7,12,28,38,40,18,11,1494367671 ,69126675000 ,2016-01-16
686,7,12,15,24,25,43,13,8,1937531719 ,65274010000 ,2016-01-23
687,1,8,10,13,28,42,45,6,2720029313 ,68044669000 ,2016-01-30
688,5,15,22,23,34,35,2,9,1967536750 ,73095612000 ,2016-02-06
689,7,17,19,30,36,38,34,7,2321775911 ,67460147000 ,2016-02-13
690,24,25,33,34,38,39,43,15,1126507625 ,69142025000 ,2016-02-20
691,15,27,33,35,43,45,16,6,2839296750 ,68590328000 ,2016-02-27
692,3,11,14,15,32,36,44,7,2301273697 ,66390499000 ,2016-03-05
693,1,6,11,28,34,42,30,10,1642763813 ,67352935000 ,2016-03-12
694,7,15,20,25,33,43,12,10,1555036388 ,67533257000 ,2016-03-19
695,4,18,26,33,34,38,14,11,1450214830 ,67672085000 ,2016-03-26
696,1,7,16,18,34,38,21,10,1632054413 ,67542971000 ,2016-04-02
697,2,5,8,11,33,39,31,10,1531443038 ,66966141000 ,2016-04-09
698,3,11,13,21,33,37,18,8,1921084125 ,66283268000 ,2016-04-16
699,4,5,8,16,21,29,3,8,1995411375 ,66743146000 ,2016-04-23
700,11,23,28,29,30,44,13,8,2082099188 ,66846276000 ,2016-04-30
701,3,10,14,16,36,38,35,10,1583183175 ,64454138000 ,2016-05-07
702,3,13,16,24,26,29,9,11,1465091387 ,66219854000 ,2016-05-14
703,10,28,31,33,41,44,21,5,3235784100 ,65728988000 ,2016-05-21
704,1,4,8,23,33,42,45,4,3865190344 ,65930117000 ,2016-05-28
705,1,6,17,22,28,45,23,4,3987206532 ,65859843000 ,2016-06-04
706,3,4,6,10,28,30,37,4,3831746063 ,65723488000 ,2016-06-11
707,2,12,19,24,39,44,35,12,1322167313 ,66813924000 ,2016-06-18
708,2,10,16,19,34,45,1,4,4099552219 ,66806307000 ,2016-06-25
709,10,18,30,36,39,44,32,14,1165271625 ,65592504000 ,2016-07-02
710,3,4,9,24,25,33,10,5,2895441150 ,65083972000 ,2016-07-09
711,11,15,24,35,37,45,42,7,2277413358 ,66152746000 ,2016-07-16
712,17,20,30,31,33,45,19,4,4034485125 ,66136318000 ,2016-07-23
713,2,5,15,18,19,23,44,9,1714720917 ,64646552000 ,2016-07-30
714,1,7,22,33,37,40,20,7,2085131733 ,64099989000 ,2016-08-06
715,2,7,27,33,41,44,10,6,2605510438 ,65794607000 ,2016-08-13
716,2,6,13,16,29,30,21,12,1358752157 ,67040169000 ,2016-08-20
717,2,11,19,25,28,32,44,6,2702433688 ,68597839000 ,2016-08-27
718,4,11,20,23,32,39,40,17,926166464 ,69400763000 ,2016-09-03
719,4,8,13,19,20,43,26,9,1879581334 ,71378392000 ,2016-09-10
720,1,12,29,34,36,37,41,14,1233770358 ,69939090000 ,2016-09-17
721,1,28,35,41,43,44,31,8,2273767360 ,71627567000 ,2016-09-24
722,12,14,21,30,39,43,45,4,4365422719 ,69446489000 ,2016-10-01
723,20,30,33,35,36,44,22,8,2114365360 ,67750231000 ,2016-10-08
724,2,8,33,35,37,41,14,12,1427789813 ,69987274000 ,2016-10-15
725,6,7,19,21,41,43,38,11,1579217250 ,70208676000 ,2016-10-22
726,1,11,21,23,34,44,24,14,1166872634 ,68799295000 ,2016-10-29
727,7,8,10,19,21,31,20,14,1115107742 ,67559139000 ,2016-11-05
728,3,6,10,30,34,37,36,5,3243464400 ,68306112000 ,2016-11-12
729,11,17,21,26,36,45,16,4,4198250719 ,68784161000 ,2016-11-19
730,4,10,14,15,18,22,39,8,2017382110 ,66934105000 ,2016-11-26
731,2,7,13,25,42,45,39,7,2340471054 ,69239673000 ,2016-12-03
732,2,4,5,17,27,32,43,7,2203270608 ,68645948000 ,2016-12-10
733,11,24,32,33,35,40,13,4,4016725125 ,69321488000 ,2016-12-17
734,6,16,37,38,41,45,18,9,1949395500 ,71457582000 ,2016-12-24
735,5,10,13,27,37,41,4,10,1847231588 ,77488209000 ,2016-12-31
736,2,11,17,18,21,27,6,5,3397362225 ,73510203000 ,2017-01-07
737,13,15,18,24,27,41,11,4,4283061000 ,70775944000 ,2017-01-14
738,23,27,28,38,42,43,36,11,1634191091 ,71768122000 ,2017-01-21
739,7,22,29,33,34,35,30,4,4744122282 ,77999661000 ,2017-01-28
740,4,8,9,16,17,19,31,18,936929792 ,75186520000 ,2017-02-04
741,5,21,27,34,44,45,16,6,3043595938 ,74392585000 ,2017-02-11
742,8,10,13,36,37,40,6,16,1111814813 ,73857792000 ,2017-02-18
743,15,19,21,34,41,44,10,7,2608641000 ,73436852000 ,2017-02-25
744,10,15,18,21,34,41,43,15,1155411575 ,73507293000 ,2017-03-04
745,1,2,3,9,12,23,10,20,746822982 ,73575119000 ,2017-03-11
746,3,12,33,36,42,45,25,9,2038623709 ,74239579000 ,2017-03-18
747,7,9,12,14,23,28,17,9,1903214584 ,73337880000 ,2017-03-25
748,3,10,13,22,31,32,29,9,1928246542 ,72750277000 ,2017-04-01
749,12,14,24,26,34,45,41,13,1350104395 ,72252889000 ,2017-04-08
750,1,2,15,19,24,36,12,7,2522104286 ,72248100000 ,2017-04-15
751,3,4,16,20,28,44,17,8,2097968110 ,71534233000 ,2017-04-22
752,4,16,20,33,40,43,7,9,1870358834 ,71600822000 ,2017-04-29
753,2,17,19,24,37,41,3,6,2711105063 ,68915001000 ,2017-05-06
754,2,8,17,24,29,31,32,5,3427542000 ,70765850000 ,2017-05-13
755,13,14,26,28,30,36,37,8,2214427266 ,71300635000 ,2017-05-20
756,10,14,16,18,27,28,4,5,3414434700 ,70992946000 ,2017-05-27
757,6,7,11,17,33,44,1,21,739839858 ,71053002000 ,2017-06-03
758,5,9,12,30,39,43,24,8,2078969954 ,71764259000 ,2017-06-10
759,9,33,36,40,42,43,32,6,3032670500 ,72632208000 ,2017-06-17
760,10,22,27,31,42,43,12,8,2253299391 ,72200797000 ,2017-06-24
761,4,7,11,24,42,45,30,7,2392730518 ,71415903000 ,2017-07-01
762,1,3,12,21,26,41,16,10,1631432063 ,70558895000 ,2017-07-08
763,3,8,16,32,34,43,10,8,2138130000 ,70652100000 ,2017-07-15
764,7,22,24,31,34,36,15,7,2459975465 ,70318932000 ,2017-07-22
765,1,3,8,12,42,43,33,15,1109214250 ,70972360000 ,2017-07-29
766,9,30,34,35,39,41,21,8,2173637297 ,69500769000 ,2017-08-05
767,5,15,20,31,34,42,22,15,1163768725 ,71285599000 ,2017-08-12
768,7,27,29,30,38,44,4,13,1363572260 ,72306975000 ,2017-08-19
769,5,7,11,16,41,45,4,9,1930760042 ,72873431000 ,2017-08-26
770,1,9,12,23,39,43,34,8,2163099329 ,74166379000 ,2017-09-02
771,6,10,17,18,21,29,30,4,4362644907 ,73545939000 ,2017-09-09
772,5,6,11,14,21,41,32,10,1769608838 ,74375369000 ,2017-09-16
773,8,12,19,21,31,35,44,11,1609403080 ,74560597000 ,2017-09-23
774,12,15,18,28,34,42,9,11,1709721512 ,77347021000 ,2017-09-30
775,11,12,29,33,38,42,17,5,3470437650 ,70795452000 ,2017-10-07
776,8,9,18,21,28,40,20,7,2557579393 ,74826082000 ,2017-10-14
777,6,12,17,21,34,37,18,21,833468036 ,75534360000 ,2017-10-21
778,6,21,35,36,37,41,11,3,6264069500 ,75075606000 ,2017-10-28
779,6,12,19,24,34,41,4,11,1527709296 ,73773676000 ,2017-11-04
780,15,17,19,21,27,45,16,11,1667520137 ,74232084000 ,2017-11-11
781,11,16,18,19,24,39,43,9,1882891542 ,72483157000 ,2017-11-18
782,6,18,31,34,38,45,20,9,1946487625 ,72253973000 ,2017-11-25
783,14,15,16,17,38,45,36,4,4603964625 ,73525256000 ,2017-12-02
784,3,10,23,24,31,39,22,9,1908678000 ,74311382000 ,2017-12-09
785,4,6,15,25,26,33,40,6,2886622688 ,72974563000 ,2017-12-16
786,12,15,16,20,24,30,38,4,4551365250 ,75930156000 ,2017-12-23
787,5,6,13,16,27,28,9,6,3092108313 ,79593923000 ,2017-12-30
788,2,10,11,19,35,39,29,13,1401475154 ,78121882000 ,2018-01-06
789,2,6,7,12,19,45,38,15,1140976825 ,76136603000 ,2018-01-13
790,3,8,19,27,30,41,12,16,1160516274 ,78978881000 ,2018-01-20
791,2,10,12,31,33,42,32,14,1253081893 ,74205844000 ,2018-01-27
792,2,7,19,25,29,36,16,7,2655736768 ,76339003000 ,2018-02-03
793,10,15,21,35,38,43,31,5,3750146775 ,76177477000 ,2018-02-10
794,6,7,18,19,30,38,13,7,2650940304 ,79941579000 ,2018-02-17
795,3,10,13,26,34,38,36,11,1714977000 ,79661342000 ,2018-02-24
796,1,21,26,36,40,41,5,7,2763490340 ,77685943000 ,2018-03-03
797,5,22,31,32,39,45,36,8,2397028125 ,77339940000 ,2018-03-10
798,2,10,14,22,32,36,41,7,2710791911 ,77038759000 ,2018-03-17
799,12,17,23,34,42,45,33,10,1826427225 ,76708986000 ,2018-03-24
800,1,4,10,12,28,45,26,11,1632246205 ,76994062000 ,2018-03-31
801,17,25,28,37,43,44,2,8,2256786657 ,74034792000 ,2018-04-07
802,10,11,12,18,24,42,27,16,1082947993 ,75146781000 ,2018-04-14
803,5,9,14,26,30,43,2,5,3663810225 ,75670793000 ,2018-04-21
804,1,10,13,26,32,36,9,11,1631996523 ,74557028000 ,2018-04-28
805,3,12,13,18,31,32,42,4,4266061969 ,73065981000 ,2018-05-05
806,14,20,23,31,37,38,27,7,2640760875 ,74030583000 ,2018-05-12
807,6,10,18,25,34,35,33,7,2437662322 ,73831580000 ,2018-05-19
808,15,21,31,32,41,43,24,6,3087620500 ,74911438000 ,2018-05-26
809,6,11,15,17,23,40,39,6,2921372750 ,74214104000 ,2018-06-02
810,5,10,13,21,39,43,11,8,2231598047 ,74388355000 ,2018-06-09
811,8,11,19,21,36,45,25,7,2524148197 ,74570813000 ,2018-06-16
812,1,3,12,14,16,43,10,6,2947954750 ,74147816000 ,2018-06-23
813,11,30,34,35,42,44,27,4,4591763157 ,73394947000 ,2018-06-30
814,2,21,28,38,42,45,30,6,3067192063 ,74316543000 ,2018-07-07
815,17,21,25,26,27,36,4,7,2579855358 ,73416400000 ,2018-07-14
816,12,18,19,29,31,39,7,8,2128107938 ,72397826000 ,2018-07-21
817,3,9,12,13,25,43,34,9,1868477334 ,72552766000 ,2018-07-28
818,14,15,25,28,29,30,3,13,1380804318 ,71793353000 ,2018-08-04
819,16,25,33,38,40,45,15,7,2594534840 ,74578907000 ,2018-08-11
820,10,21,22,30,35,42,6,4,4627313532 ,75744571000 ,2018-08-18
821,1,12,13,24,29,44,16,14,1316155956 ,76118239000 ,2018-08-25
822,9,18,20,24,27,36,12,3,5930898625 ,75681739000 ,2018-09-01
823,12,18,24,26,39,40,15,9,2009843917 ,77400124000 ,2018-09-08
824,7,9,24,29,34,38,26,15,1256646550 ,78257422000 ,2018-09-15
825,8,15,21,31,33,38,42,12,1658710563 ,82890578000 ,2018-09-22
826,13,16,24,25,33,36,42,9,2075192084 ,78218740000 ,2018-09-29
827,5,11,12,29,33,44,14,15,1206500375 ,76490125000 ,2018-10-06
828,4,7,13,29,31,39,18,13,1455185972 ,77552827000 ,2018-10-13
829,4,5,31,35,43,45,29,8,2444650641 ,77998807000 ,2018-10-20
830,5,6,16,18,37,38,17,9,2060528750 ,77714000000 ,2018-10-27
831,3,10,16,19,31,39,9,16,1110702258 ,77622753000 ,2018-11-03
832,13,14,19,26,40,43,30,9,2088204584 ,77411900000 ,2018-11-10
833,12,18,30,39,41,42,19,8,2356317282 ,77738402000 ,2018-11-17
834,6,8,18,35,42,43,3,11,1690693671 ,75941791000 ,2018-11-24
835,9,10,13,28,38,45,35,15,1233681125 ,77694435000 ,2018-12-01
836,1,9,11,14,26,28,19,14,1257843670 ,74536697000 ,2018-12-08
837,2,25,28,30,33,45,6,6,3144449125 ,76614176000 ,2018-12-15
838,9,14,17,33,36,38,20,5,3813733050 ,79414484000 ,2018-12-22
839,3,9,11,12,13,19,35,13,1359454904 ,79219710000 ,2018-12-29
840,2,4,11,28,29,43,27,10,2042961788 ,84057771000 ,2019-01-05
841,5,11,14,30,33,38,24,17,1116095714 ,81580789000 ,2019-01-12
842,14,26,32,36,39,42,38,10,2035475025 ,81957444000 ,2019-01-19
843,19,21,30,33,34,42,4,5,4012970100 ,81857498000 ,2019-01-26
844,7,8,13,15,33,45,18,18,1162963542 ,87805610000 ,2019-02-02
845,1,16,29,33,40,45,6,11,1891217182 ,83884034000 ,2019-02-09
846,5,18,30,41,43,45,13,13,1596884395 ,83936839000 ,2019-02-16
847,12,16,26,28,30,42,22,8,2520846657 ,83782512000 ,2019-02-23
848,1,2,16,22,38,39,34,7,3011580858 ,84523266000 ,2019-03-02
849,5,13,17,29,34,39,3,17,1158252883 ,82333674000 ,2019-03-09
850,16,20,24,28,36,39,5,6,3377587875 ,81474176000 ,2019-03-16
851,14,18,22,26,31,44,40,8,2483692313 ,81099116000 ,2019-03-23
852,11,17,28,30,33,35,9,4,4801543407 ,81470793000 ,2019-03-30
853,2,8,23,26,27,44,13,7,2885006786 ,82244370000 ,2019-04-06
854,20,25,31,32,36,43,3,6,3421706750 ,81823338000 ,2019-04-13
855,8,15,17,19,43,44,7,9,2269510500 ,82374732000 ,2019-04-20
856,10,24,40,41,43,44,17,5,3977927550 ,80496424000 ,2019-04-27
857,6,10,16,28,34,38,43,15,1284915425 ,80933117000 ,2019-05-04
858,9,13,32,38,39,43,23,9,2202347459 ,81366889000 ,2019-05-11
859,8,22,35,38,39,41,24,11,1853927489 ,80944223000 ,2019-05-18
860,4,8,18,25,27,32,42,10,1879899825 ,81846672000 ,2019-05-25
861,11,17,19,21,22,25,24,4,4872108844 ,81032551000 ,2019-06-01
862,10,34,38,40,42,43,32,9,2190922709 ,80609005000 ,2019-06-08
863,16,21,28,35,39,43,12,7,2853357322 ,81288540000 ,2019-06-15
864,3,7,10,13,25,36,32,11,1716553637 ,82220290000 ,2019-06-22
865,3,15,22,32,33,45,2,13,1551729145 ,81748217000 ,2019-06-29
866,9,15,29,34,37,39,12,9,2240409000 ,81961886000 ,2019-07-06
867,14,17,19,22,24,40,41,5,3933755250 ,81607190000 ,2019-07-13
868,12,17,28,41,43,44,25,6,3233804250 ,80549078000 ,2019-07-20
869,2,6,20,27,37,39,4,10,1922582588 ,80268389000 ,2019-07-27
870,21,25,30,32,40,42,31,10,1928842988 ,78688663000 ,2019-08-03
871,2,6,12,26,30,34,38,7,2718071358 ,79527502000 ,2019-08-10
872,2,4,30,32,33,43,29,16,1262705579 ,81002518000 ,2019-08-17
873,3,5,12,13,33,39,38,10,1874553225 ,82375586000 ,2019-08-24
874,1,15,19,23,28,42,32,18,1117123917 ,82990138000 ,2019-08-31
875,19,22,30,34,39,44,36,14,1415946724 ,80635281000 ,2019-09-07
876,5,16,21,26,34,42,24,19,1090657856 ,85088368000 ,2019-09-14
877,5,17,18,22,23,43,12,12,1716607188 ,84584730000 ,2019-09-21
878,2,6,11,16,25,31,3,6,3207993500 ,84183676000 ,2019-09-28
879,1,4,10,14,15,35,20,6,3206361313 ,83174251000 ,2019-10-05
880,7,17,19,23,24,45,38,7,2837810465 ,83862502000 ,2019-10-12
881,4,18,20,26,27,32,9,8,2503212282 ,84495552000 ,2019-10-19
882,18,34,39,43,44,45,23,5,4127270400 ,84351602000 ,2019-10-26
883,9,18,32,33,37,44,22,15,1360519525 ,85624171000 ,2019-11-02
884,4,14,23,28,37,45,17,12,1799077282 ,86554613000 ,2019-11-09
885,1,3,24,27,39,45,31,13,1543832568 ,83396319000 ,2019-11-16
886,19,23,28,37,42,45,2,7,2974643786 ,84186094000 ,2019-11-23
887,8,14,17,27,36,45,10,8,2535268688 ,84416872000 ,2019-11-30
888,3,7,12,31,34,38,32,8,2370359204 ,82777313000 ,2019-12-07
889,3,13,29,38,39,42,26,10,2108986950 ,86734222000 ,2019-12-14
890,1,4,14,18,29,37,6,9,2335486167 ,86693498000 ,2019-12-21
891,9,13,28,31,39,41,19,7,3082673947 ,89742677000 ,2019-12-28
892,4,9,17,18,26,42,36,17,1282017464 ,93091115000 ,2020-01-04
893,1,15,17,23,25,41,10,9,2377433625 ,87661567000 ,2020-01-11
894,19,32,37,40,41,43,45,9,2377935959 ,88465183000 ,2020-01-18
895,16,26,31,38,39,41,23,12,1928079219 ,96962255000 ,2020-01-25
896,5,12,25,26,38,45,23,7,3053222036 ,90461998000 ,2020-02-01
897,6,7,12,22,26,36,29,13,1619922520 ,88231474000 ,2020-02-08
898,18,21,28,35,37,42,17,8,2639313235 ,90067839000 ,2020-02-15
899,8,19,20,21,33,39,37,6,3359356063 ,85877347000 ,2020-02-22
900,7,13,16,18,35,38,14,6,3349851375 ,83639372000 ,2020-02-29
901,5,18,20,23,30,34,21,9,2267974667 ,84783962000 ,2020-03-07
902,7,19,23,24,36,39,30,13,1619317529 ,87501981000 ,2020-03-14
903,2,15,16,21,22,28,45,13,1684582212 ,88625160000 ,2020-03-21
904,2,6,8,26,43,45,11,8,2718077813 ,88938220000 ,2020-03-28
905,3,4,16,27,38,40,20,7,3017862536 ,90357634000 ,2020-04-04
906,2,5,14,28,31,32,20,9,2472607250 ,90948274000 ,2020-04-11
907,21,27,29,38,40,44,37,7,3165059036 ,89331282000 ,2020-04-18
908,3,16,21,22,23,44,30,8,2834856141 ,89923601000 ,2020-04-25
909,7,24,29,30,34,35,33,11,2021062875 ,89543261000 ,2020-05-02
910,1,11,17,27,35,39,31,21,941316375 ,86308857000 ,2020-05-09
911,4,5,12,14,32,42,35,10,2113538625 ,89332410000 ,2020-05-16
912,5,8,18,21,22,38,10,14,1493500581 ,88599155000 ,2020-05-23
913,6,14,16,21,27,37,40,16,1338755602 ,89336949000 ,2020-05-30
914,16,19,24,33,42,44,27,11,1950005557 ,89558503000 ,2020-06-06
915,2,6,11,13,22,37,14,6,3518640500 ,87862418000 ,2020-06-13
916,6,21,22,32,35,36,17,11,2025384341 ,89133044000 ,2020-06-20
917,1,3,23,24,27,43,34,10,2144799638 ,88950867000 ,2020-06-27
918,7,11,12,31,33,38,5,18,1117622646 ,89200857000 ,2020-07-04
919,9,14,17,18,42,44,35,5,4305150450 ,90218056000 ,2020-07-11
920,2,3,26,33,34,43,29,7,3120260197 ,89805177000 ,2020-07-18
921,5,7,12,22,28,41,1,17,1232573405 ,89888341000 ,2020-07-25
922,2,6,13,17,27,43,36,6,3417904500 ,89266682000 ,2020-08-01
923,3,17,18,23,36,41,26,8,2667554625 ,87867402000 ,2020-08-08
924,3,11,34,42,43,44,13,9,2382430667 ,87708256000 ,2020-08-15
925,13,24,32,34,39,42,4,12,1771080532 ,87901067000 ,2020-08-22
926,10,16,18,20,25,31,6,10,2032490663 ,88372251000 ,2020-08-29
927,4,15,22,38,41,43,26,6,3714203875 ,91067752000 ,2020-09-05
928,3,4,10,20,28,44,30,7,3134591358 ,90818982000 ,2020-09-12
929,7,9,12,15,19,23,4,16,1308035157 ,92344620000 ,2020-09-19
930,8,21,25,38,39,44,28,8,2832418829 ,94518415000 ,2020-09-26
931,14,15,23,25,35,43,32,8,2957108063 ,95695802000 ,2020-10-03
932,1,6,15,36,37,38,5,7,3390022983 ,96049289000 ,2020-10-10
933,23,27,29,31,36,45,37,8,2927797079 ,93484851000 ,2020-10-17
934,1,3,30,33,36,39,12,4,5765772844 ,93028347000 ,2020-10-24
935,4,10,20,32,38,44,18,13,1711055424 ,93934898000 ,2020-10-31
936,7,11,13,17,18,29,43,14,1492069179 ,92246146000 ,2020-11-07
937,2,10,13,22,29,40,26,11,2058420819 ,93720454000 ,2020-11-14
938,4,8,10,16,31,36,9,10,2249466563 ,93452425000 ,2020-11-21
939,4,11,28,39,42,45,6,13,1708363039 ,93340002000 ,2020-11-28
940,3,15,20,22,24,41,11,8,2846071079 ,93920183000 ,2020-12-05
941,12,14,25,27,39,40,35,16,1347297422 ,94867600000 ,2020-12-12
942,10,12,18,35,42,43,39,6,3761680313 ,92731965000 ,2020-12-19
943,1,8,13,36,44,45,39,7,3435045108 ,100081432000 ,2020-12-26
944,2,13,16,19,32,33,42,13,1961836356 ,107181377000 ,2021-01-02
945,9,10,15,30,33,37,26,13,1765554491 ,94837109000 ,2021-01-09
946,9,18,19,30,34,40,20,11,2157656182 ,99380178000 ,2021-01-16
947,3,8,17,20,27,35,26,18,1275855750 ,99449916000 ,2021-01-23
948,13,18,30,31,38,41,5,11,2188548716 ,100519459000 ,2021-01-30
949,14,21,35,36,40,44,30,10,2458569713 ,100518909000 ,2021-02-06
950,3,4,15,22,28,40,10,8,3281920500 ,108870714000 ,2021-02-13
951,2,12,30,31,39,43,38,14,1747552661 ,102937006000 ,2021-02-20
952,4,12,22,24,33,41,38,9,2713699834 ,102355646000 ,2021-02-27
953,7,9,22,27,37,42,34,14,1640636009 ,99180891000 ,2021-03-06
954,1,9,26,28,30,41,32,10,2478795900 ,101455314000 ,2021-03-13
955,4,9,23,26,29,33,8,12,2023170188 ,99784736000 ,2021-03-20
956,10,11,20,21,25,41,40,11,2022982671 ,97065255000 ,2021-03-27
957,4,15,24,35,36,40,1,11,2126634137 ,96654698000 ,2021-04-03
958,2,9,10,16,35,37,1,15,1596119675 ,98635947000 ,2021-04-10
959,1,14,15,24,40,41,35,8,3015312891 ,97435835000 ,2021-04-17
960,2,18,24,30,32,45,14,10,2401133213 ,98784879000 ,2021-04-24
961,11,20,29,31,33,42,43,9,2575231209 ,97153309000 ,2021-05-01
962,1,18,28,31,34,43,40,12,1940906094 ,95956365000 ,2021-05-08
963,6,12,19,23,34,42,35,15,1476478125 ,95452215000 ,2021-05-15
964,6,21,36,38,39,43,30,10,2345861063 ,95549895000 ,2021-05-22
965,2,13,25,28,29,36,34,7,3403348929 ,96174650000 ,2021-05-29
966,1,21,25,29,34,37,36,10,2411303513 ,95640447000 ,2021-06-05
967,1,6,13,37,38,40,9,4,5809776094 ,94515565000 ,2021-06-12
968,2,5,12,14,24,39,33,13,1667729683 ,95924229000 ,2021-06-19
969,3,9,10,29,40,45,7,20,1149427894 ,96728751000 ,2021-06-26
970,9,11,16,21,28,36,5,14,1611544045 ,93268371000 ,2021-07-03
971,2,6,17,18,21,26,7,6,3725880250 ,94471924000 ,2021-07-10
972,3,6,17,23,37,39,26,20,1124886244 ,93916813000 ,2021-07-17
973,22,26,31,37,41,42,24,8,2912742750 ,93953872000 ,2021-07-24
974,1,2,11,16,39,44,32,17,1317034523 ,94146055000 ,2021-07-31
975,7,8,9,17,22,24,5,9,2440410375 ,94253719000 ,2021-08-07
976,4,12,14,25,35,37,2,7,3243867215 ,97492178000 ,2021-08-14
977,2,9,10,14,22,44,16,14,1669905911 ,95895844000 ,2021-08-21
978,1,7,15,32,34,42,8,10,2373391388 ,98855197000 ,2021-08-28
979,7,11,16,21,27,33,24,14,1606400518 ,99507886000 ,2021-09-04
980,3,13,16,23,24,35,14,7,3409443215 ,99593380000 ,2021-09-11
981,27,36,37,41,43,45,32,13,1992863193 ,105645424000 ,2021-09-18
982,5,7,13,20,21,44,33,8,3023630672 ,101344251000 ,2021-09-25
983,13,23,26,31,35,43,15,10,2503422225 ,101899006000 ,2021-10-02
984,3,10,23,35,36,37,18,7,3453006268 ,98762367000 ,2021-10-09
985,17,21,23,30,34,44,19,10,2434752975 ,98811446000 ,2021-10-16
986,7,10,16,28,41,42,40,10,2375275125 ,99041240000 ,2021-10-23
987,2,4,15,23,29,38,7,10,2378711625 ,100269530000 ,2021-10-30
988,2,13,20,30,31,41,27,9,2678489375 ,98606195000 ,2021-11-06
989,17,18,21,27,29,33,26,4,5826768563 ,96525658000 ,2021-11-13
990,2,4,25,26,36,37,28,14,1740095277 ,99567047000 ,2021-11-20
991,13,18,25,31,33,44,38,8,2904166032 ,98026282000 ,2021-11-27
992,12,20,26,33,44,45,24,12,1986955563 ,97066498000 ,2021-12-04
993,6,14,16,18,24,42,44,6,3991197063 ,99323653000 ,2021-12-11
994,1,3,8,24,27,35,28,12,1861582063 ,95530936000 ,2021-12-18
995,1,4,13,29,38,39,7,7,3447271875 ,100878455000 ,2021-12-25
996,6,11,15,24,32,39,28,18,1491185771 ,112624327000 ,2022-01-01
997,4,7,14,16,24,44,20,19,1253749560 ,102431961000 ,2022-01-08
998,13,17,18,20,42,45,41,12,2076499657 ,101681869000 ,2022-01-15
999,1,3,9,14,18,28,34,16,1513274790 ,102581351000 ,2022-01-22
1000,2,8,19,22,32,42,39,22,1246819620 ,118628811000 ,2022-01-29
1001,6,10,12,14,20,42,15,0,0 ,0 ,2022-02-05
1002,17,25,33,35,38,45,15,8,3088449563 ,105795484000 ,2022-02-12
1003,1,4,29,39,43,45,31,14,1811116822 ,103479378000 ,2022-02-19
1004,7,15,30,37,39,44,18,10,2576251913 ,106112471000 ,2022-02-26
1005,8,13,18,24,27,29,17,12,2061199344 ,103755249000 ,2022-03-05
1006,8,11,15,16,17,37,36,9,2855602125 ,104542431000 ,2022-03-12
1007,8,11,16,19,21,25,40,9,2718786375 ,101530003000 ,2022-03-19
1008,9,11,30,31,41,44,33,11,2267377910 ,103727042000 ,2022-03-26
1009,15,23,29,34,40,44,20,15,1702462825 ,103771363000 ,2022-04-02
1010,9,12,15,25,34,36,3,8,3119380079 ,103011505000 ,2022-04-09
1011,1,9,12,26,35,38,42,11,2220348512 ,101799373000 ,2022-04-16
1012,5,11,18,20,35,45,3,13,1861944318 ,101948323000 ,2022-04-23
1013,21,22,26,34,36,41,32,5,5047570725 ,101747653000 ,2022-04-30
1014,3,11,14,18,26,27,21,10,2410449338 ,102396369000 ,2022-05-07
1015,14,23,31,33,37,40,44,8,3051105610 ,102562683000 ,2022-05-14
1016,15,26,28,34,41,42,44,11,2260660671 ,101583153000 ,2022-05-21
1017,12,18,22,23,30,34,32,7,3517684822 ,101382790000 ,2022-05-28
1018,3,19,21,25,37,45,35,2,12361744688 ,,2022-06-04
1019,1,4,13,17,34,39,6,50,438565140 ,102804882000 ,2022-06-11
1020,12,27,29,38,41,45,6,13,1966431520 ,104996396000 ,2022-06-18
1021,12,15,17,24,29,45,16,12,2108962250 ,101960162000 ,2022-06-25
1022,5,6,11,29,42,45,28,5,4866468075 ,99233031000 ,2022-07-02
1023,10,14,16,18,29,35,25,9,2745677875 ,100399659000 ,2022-07-09
1024,9,18,20,22,38,44,10,8,3020323500 ,100081038000 ,2022-07-16
1025,8,9,20,25,29,33,7,4,6118853344 ,101318529000 ,2022-07-23
1026,5,12,13,31,32,41,34,15,1619118475 ,101556379000 ,2022-07-30
1027,14,16,27,35,39,45,5,10,2460504338 ,101195159000 ,2022-08-06
1028,5,7,12,13,18,35,23,20,1181235132 ,100613537000 ,2022-08-13
1029,12,30,32,37,39,41,24,10,2527848450 ,101336312000 ,2022-08-20
1030,2,5,11,17,24,29,9,19,1276406507 ,104899923000 ,2022-08-27
1031,6,7,22,32,35,36,19,8,3213957563 ,104316078000 ,2022-09-03
1032,1,6,12,19,36,42,28,10,2675257538 ,110907011000 ,2022-09-10
1033,3,11,15,20,35,44,10,13,1913414943 ,104642258000 ,2022-09-17
1034,26,31,32,33,38,40,11,9,2868856209 ,107150089000 ,2022-09-24
1035,9,14,34,35,41,42,2,8,3231193735 ,106759523000 ,2022-10-01
